realtime,angle,analog,level,millis,
14:48:59.043,131,369,3.36,865972, 
14:48:59.515,131,369,3.38,866476, 
14:49:00.029,131,369,3.36,866979, 
14:49:00.542,131,368,3.38,867482, 
14:49:01.013,131,369,3.38,867985, 
14:49:01.532,131,369,3.36,868488, 
14:49:02.046,131,369,3.38,868992, 
14:49:02.513,131,369,3.36,869495, 
14:49:03.026,131,369,3.38,869998, 
14:49:03.541,131,369,3.38,870501, 
14:49:04.009,131,369,3.38,871004, 
14:49:04.529,131,368,3.38,871507, 
14:49:05.046,131,368,3.38,872010, 
14:49:05.519,131,369,3.38,872513, 
14:49:06.037,131,369,3.36,873016, 
14:49:06.505,131,369,3.38,873519, 
14:49:07.022,131,368,3.38,874022, 
14:49:07.539,131,369,3.60,874525, 
14:49:08.010,131,369,3.36,875028, 
14:49:08.529,131,368,3.38,875531, 
14:49:09.047,131,369,3.36,876034, 
14:49:09.518,131,369,3.36,876537, 
14:49:10.034,131,368,3.36,877040, 
14:49:10.502,131,369,3.36,877543, 
14:49:11.019,131,368,3.60,878046, 
14:49:11.536,131,369,3.38,878550, 
14:49:12.002,131,369,3.36,879053, 
14:49:12.519,131,369,3.36,879556, 
14:49:13.036,137,469,3.38,880059, 
14:49:13.504,138,494,3.38,880562, 
14:49:14.021,133,409,3.58,881065, 
14:49:14.539,121,198,3.60,881568, 
14:49:15.011,115,97,3.38,882071, 
14:49:15.531,115,99,3.38,882574, 
14:49:16.046,115,99,3.80,883077, 
14:49:16.513,115,99,3.38,883580, 
14:49:17.016,118,145,3.38,884083, 
14:49:17.531,126,275,3.60,884586, 
14:49:18.002,129,340,3.58,885089, 
14:49:18.519,131,362,3.36,885592, 
14:49:19.035,130,349,3.38,886095, 
14:49:19.504,136,451,3.36,886598, 
14:49:20.020,136,459,3.36,887101, 
14:49:20.539,136,459,3.38,887604, 
14:49:21.007,136,458,3.38,888108, 
14:49:21.509,136,460,3.38,888611, 
14:49:22.027,136,458,3.36,889114, 
14:49:22.544,136,446,3.36,889617, 
14:49:23.012,135,434,3.38,890120, 
14:49:23.527,135,434,3.38,890624, 
14:49:24.000,135,434,3.60,891127, 
14:49:24.515,135,435,3.38,891630, 
14:49:25.032,135,434,3.38,892133, 
14:49:25.499,135,434,3.80,892636, 
14:49:26.017,135,435,3.38,893139, 
14:49:26.531,135,435,3.80,893642, 
14:49:27.000,135,434,3.38,894145, 
14:49:27.516,135,434,3.58,894648, 
14:49:28.030,135,435,3.80,895151, 
14:49:28.497,135,434,3.80,895654, 
14:49:29.013,135,434,3.80,896157, 
14:49:29.527,135,434,3.80,896660, 
14:49:29.996,135,434,3.80,897163, 
14:49:30.498,135,434,3.38,897666, 
14:49:31.017,135,434,3.36,898169, 
14:49:31.532,135,434,3.38,898672, 
14:49:32.003,135,435,3.80,899175, 
14:49:32.518,135,435,3.38,899678, 
14:49:33.031,135,435,3.38,900182, 
14:49:33.501,135,435,3.79,900685, 
14:49:34.018,135,434,4.03,901188, 
14:49:34.532,135,435,4.01,901691, 
14:49:35.000,135,434,3.38,902194, 
14:49:35.517,135,434,3.80,902697, 
14:49:36.033,135,435,3.79,903200, 
14:49:36.503,135,434,3.80,903703, 
14:49:37.016,135,434,3.80,904206, 
14:49:37.533,135,434,4.03,904709, 
14:49:38.003,135,434,3.80,905212, 
14:49:38.521,135,434,3.80,905715, 
14:49:39.038,135,435,3.80,906218, 
14:49:39.509,135,434,3.80,906721, 
14:49:40.025,135,434,3.80,907224, 
14:49:40.493,135,434,3.80,907727, 
14:49:41.011,135,435,3.80,908230, 
14:49:41.518,135,435,3.80,908733, 
14:49:42.036,135,434,3.80,909236, 
14:49:42.505,135,435,3.80,909740, 
14:49:43.021,135,434,3.80,910243, 
14:49:43.492,135,434,3.79,910746, 
14:49:44.007,135,435,3.79,911249, 
14:49:44.525,135,434,4.03,911752, 
14:49:44.993,135,434,3.80,912256, 
14:49:45.509,135,435,3.80,912759, 
14:49:46.023,135,434,3.80,913262, 
14:49:46.492,135,434,3.80,913765, 
14:49:47.007,135,434,3.36,914268, 
14:49:47.522,135,434,3.80,914771, 
14:49:47.996,135,434,3.80,915274, 
14:49:48.511,135,434,3.80,915777, 
14:49:49.025,135,434,3.43,916280, 
14:49:49.495,135,434,3.86,916783, 
14:49:50.013,135,434,3.86,917286, 
14:49:50.527,135,434,3.86,917789, 
14:49:50.998,135,434,3.10,918292, 
14:49:51.518,135,434,3.96,918795, 
14:49:51.988,135,434,4.08,919298, 
14:49:52.501,135,434,3.63,919801, 
14:49:53.018,135,434,3.43,920304, 
14:49:53.488,135,435,4.34,920807, 
14:49:54.004,135,434,3.10,921310, 
14:49:54.519,135,434,4.72,921814, 
14:49:54.991,135,435,4.61,922317, 
14:49:55.506,135,434,4.29,922820, 
14:49:56.019,135,435,4.34,923323, 
14:49:56.487,135,435,4.87,923826, 
14:49:57.002,135,435,4.94,924329, 
14:49:57.521,135,434,4.56,924832, 
14:49:57.987,135,435,4.99,925335, 
14:49:58.504,135,434,4.82,925838, 
14:49:59.017,135,435,5.15,926341, 
14:49:59.487,135,434,5.21,926844, 
14:50:00.003,135,435,5.27,927347, 
14:50:00.517,135,434,5.75,927850, 
14:50:00.986,135,435,5.37,928353, 
14:50:01.505,135,435,5.04,928856, 
14:50:02.021,135,434,5.52,929359, 
14:50:02.490,135,434,5.57,929862, 
14:50:03.008,135,434,5.63,930365, 
14:50:03.523,135,434,5.75,930868, 
14:50:03.991,135,435,6.18,931372, 
14:50:04.508,135,435,5.80,931875, 
14:50:05.020,135,434,5.85,932378, 
14:50:05.523,135,434,5.90,932881, 
14:50:05.989,135,435,5.47,933384, 
14:50:06.503,135,434,6.00,933888, 
14:50:07.018,135,434,6.07,934391, 
14:50:07.492,135,434,6.18,934894, 
14:50:08.011,135,434,6.18,935397, 
14:50:08.485,135,434,6.28,935900, 
14:50:09.000,135,434,6.28,936403, 
14:50:09.518,135,435,5.95,936906, 
14:50:09.987,135,434,5.95,937409, 
14:50:10.502,135,435,6.00,937912, 
14:50:11.020,135,434,6.55,938415, 
14:50:11.487,135,434,6.55,938918, 
14:50:12.004,135,434,6.66,939421, 
14:50:12.521,135,434,6.73,939924, 
14:50:12.995,135,434,6.73,940427, 
14:50:13.513,135,434,6.33,940930, 
14:50:13.980,135,434,6.62,941433, 
14:50:14.499,135,434,6.66,941936, 
14:50:15.017,135,435,6.50,942439, 
14:50:15.484,135,434,6.55,942942, 
14:50:16.002,135,435,6.61,943446, 
14:50:16.515,135,434,7.09,943949, 
14:50:16.982,135,434,7.16,944452, 
14:50:17.499,135,434,6.78,944955, 
14:50:18.017,135,434,6.38,945458, 
14:50:18.488,135,434,6.88,945961, 
14:50:19.005,135,435,6.98,946464, 
14:50:19.518,135,434,6.98,946967, 
14:50:19.988,135,435,7.53,947470, 
14:50:20.506,135,435,7.09,947973, 
14:50:20.978,135,434,6.93,948476, 
14:50:21.495,135,434,7.21,948979, 
14:50:22.012,135,434,6.83,949482, 
14:50:22.482,135,434,7.36,949985, 
14:50:23.000,135,434,7.41,950488, 
14:50:23.519,135,434,7.89,950990, 
14:50:23.989,135,435,7.96,951494, 
14:50:24.505,135,435,7.74,951997, 
14:50:25.018,135,435,7.57,952500, 
14:50:25.487,135,434,7.21,953004, 
14:50:26.004,135,434,7.26,953507, 
14:50:26.519,135,435,7.31,954010, 
14:50:26.988,135,434,7.36,954513, 
14:50:27.507,135,434,7.64,955016, 
14:50:27.978,135,434,8.39,955518, 
14:50:28.493,135,435,7.96,956022, 
14:50:29.009,135,434,8.44,956525, 
14:50:29.477,135,434,8.07,957028, 
14:50:29.993,135,434,8.12,957531, 
14:50:30.509,135,434,7.74,958035, 
14:50:30.976,135,434,8.44,958537, 
14:50:31.494,135,434,8.27,959040, 
14:50:32.008,135,434,8.34,959543, 
14:50:32.478,135,434,8.82,960046, 
14:50:32.990,135,434,8.87,960549, 
14:50:33.508,135,435,8.44,961052, 
14:50:33.978,135,434,8.29,961555, 
14:50:34.494,135,434,8.77,962058, 
14:50:35.007,135,435,8.17,962561, 
14:50:35.478,135,435,8.22,963064, 
14:50:35.995,135,435,8.70,963567, 
14:50:36.512,135,434,8.77,964070, 
14:50:36.980,135,435,9.25,964573, 
14:50:37.500,135,434,9.30,965076, 
14:50:37.972,135,435,8.87,965580, 
14:50:38.488,135,435,8.93,966083, 
14:50:39.003,135,435,8.98,966586, 
14:50:39.473,135,434,9.05,967089, 
14:50:39.986,135,435,9.10,967592, 
14:50:40.499,135,434,9.15,968095, 
14:50:41.001,135,434,9.42,968598, 
14:50:41.475,135,434,9.68,969101, 
14:50:41.990,135,435,9.73,969604, 
14:50:42.504,135,434,9.30,970107, 
14:50:42.979,135,434,9.37,970610, 
14:50:43.490,135,434,9.84,971113, 
14:50:44.006,135,434,9.47,971616, 
14:50:44.479,135,434,9.73,972119, 
14:50:44.996,135,434,9.58,972622, 
14:50:45.468,135,434,9.63,973125, 
14:50:45.983,135,434,10.11,973628, 
14:50:46.496,135,435,10.18,974131, 
14:50:47.009,135,435,9.73,974635, 
14:50:47.482,135,434,10.23,975138, 
14:50:48.002,135,434,10.28,975641, 
14:50:48.470,135,435,9.85,976144, 
14:50:48.972,135,434,9.96,976647, 
14:50:49.488,135,435,9.53,977150, 
14:50:49.990,135,434,9.58,977654, 
14:50:50.507,135,435,10.54,978157, 
14:50:50.974,135,435,10.33,978660, 
14:50:51.488,135,435,10.59,979163, 
14:50:51.962,135,434,10.66,979666, 
14:50:52.479,135,434,10.21,980169, 
14:50:52.995,135,434,10.71,980672, 
14:50:53.464,135,434,10.33,981175, 
14:50:53.984,135,434,10.39,981678, 
14:50:54.500,135,434,10.44,982181, 
14:50:54.966,135,434,10.49,982684, 
14:50:55.482,135,434,10.06,983187, 
14:50:56.001,135,435,11.04,983690, 
14:50:56.473,135,434,10.61,984193, 
14:50:56.987,135,434,11.09,984696, 
14:50:57.486,135,434,11.14,985199, 
14:50:58.001,135,434,10.28,985702, 
14:50:58.472,135,434,10.76,986205, 
14:50:58.990,135,434,10.39,986708, 
14:50:59.464,135,434,10.44,987212, 
14:50:59.981,135,435,10.44,987715, 
14:51:00.499,135,433,10.99,988218, 
14:51:00.968,135,435,11.26,988721, 
14:51:01.483,135,435,11.52,989224, 
14:51:01.998,135,435,11.09,989727, 
14:51:02.466,135,434,11.14,990230, 
14:51:02.980,135,434,10.71,990733, 
14:51:03.496,135,434,10.76,991236, 
14:51:03.963,135,434,11.04,991739, 
14:51:04.478,135,434,10.87,992242, 
14:51:04.993,135,434,10.94,992745, 
14:51:05.465,135,435,11.42,993248, 
14:51:05.978,135,434,11.47,993751, 
14:51:06.496,135,434,11.95,994254, 
14:51:06.966,135,435,11.52,994757, 
14:51:07.483,135,434,12.24,995260, 
14:51:07.952,135,434,11.64,995763, 
14:51:08.497,135,434,11.21,996267, 
14:51:08.968,135,434,11.26,996770, 
14:51:09.484,135,434,11.31,997273, 
14:51:09.954,135,434,11.35,997776, 
14:51:10.469,135,435,11.42,998279, 
14:51:10.989,135,435,12.12,998782, 
14:51:11.455,135,434,12.38,999286, 
14:51:11.972,135,434,11.95,999789, 
14:51:12.490,135,435,12.45,1000292, 
14:51:12.959,135,434,12.00,1000795, 
14:51:13.475,135,435,11.64,1001298, 
14:51:13.991,135,434,12.12,1001801, 
14:51:14.459,135,435,12.17,1002304, 
14:51:14.975,135,435,11.74,1002807, 
14:51:15.492,135,435,11.79,1003310, 
14:51:15.960,135,434,11.85,1003813, 
14:51:16.475,135,434,12.33,1004316, 
14:51:16.990,135,434,12.83,1004819, 
14:51:17.458,135,434,12.88,1005322, 
14:51:17.972,135,434,12.88,1005825, 
14:51:18.486,135,434,12.93,1006328, 
14:51:18.957,135,434,12.50,1006831, 
14:51:19.471,135,434,12.55,1007334, 
14:51:19.988,135,435,12.60,1007837, 
14:51:20.456,135,434,12.65,1008340, 
14:51:20.972,135,435,12.71,1008844, 
14:51:21.448,135,434,12.28,1009347, 
14:51:21.967,135,435,12.77,1009850, 
14:51:22.485,135,434,13.25,1010353, 
14:51:22.955,135,434,13.31,1010856, 
14:51:23.473,135,434,12.88,1011359, 
14:51:23.944,135,434,13.58,1011862, 
14:51:24.460,135,434,12.93,1012365, 
14:51:24.977,135,434,12.98,1012868, 
14:51:25.446,135,434,13.03,1013371, 
14:51:25.959,135,434,13.08,1013874, 
14:51:26.475,135,434,13.15,1014377, 
14:51:26.943,135,435,13.13,1014880, 
14:51:27.458,135,434,13.43,1015383, 
14:51:27.977,135,434,13.68,1015886, 
14:51:28.445,135,434,13.25,1016389, 
14:51:28.962,135,434,13.74,1016892, 
14:51:29.478,135,434,13.79,1017395, 
14:51:29.949,135,434,13.79,1017899, 
14:51:30.464,135,434,13.84,1018402, 
14:51:30.982,135,435,13.63,1018905, 
14:51:31.449,135,435,13.46,1019408, 
14:51:31.965,135,434,13.53,1019911, 
14:51:32.480,135,434,13.56,1020414, 
14:51:32.950,135,435,13.63,1020918, 
14:51:33.468,135,434,14.11,1021421, 
14:51:33.982,135,435,13.68,1021924, 
14:51:34.451,135,434,14.17,1022427, 
14:51:34.957,135,435,14.58,1022930, 
14:51:35.473,135,434,14.23,1023433, 
14:51:35.944,135,434,14.23,1023936, 
14:51:36.462,135,434,14.20,1024439, 
14:51:36.980,135,435,14.25,1024942, 
14:51:37.448,135,435,13.91,1025445, 
14:51:37.962,135,435,13.96,1025948, 
14:51:38.480,135,434,14.01,1026451, 
14:51:38.948,135,434,14.06,1026954, 
14:51:39.465,135,435,14.46,1027457, 
14:51:39.979,135,434,14.11,1027960, 
14:51:40.444,135,434,14.53,1028463, 
14:51:40.960,135,434,15.01,1028966, 
14:51:41.475,135,435,14.58,1029468, 
14:51:41.945,135,434,14.58,1029971, 
14:51:42.463,135,434,14.61,1030474, 
14:51:42.932,135,434,14.68,1030977, 
14:51:43.451,135,434,14.27,1031480, 
14:51:43.966,135,434,14.30,1031983, 
14:51:44.432,135,434,14.53,1032486, 
14:51:44.951,135,434,14.35,1032989, 
14:51:45.468,135,434,14.41,1033492, 
14:51:45.935,135,435,14.90,1033995, 
14:51:46.440,135,434,14.96,1034497, 
14:51:46.953,135,435,14.96,1034999, 
14:51:47.471,135,435,15.01,1035501, 
14:51:47.943,135,434,15.01,1036003, 
14:51:48.457,135,435,15.06,1036505, 
14:51:48.956,135,434,14.84,1037007, 
14:51:49.427,135,434,15.11,1037510, 
14:51:49.941,135,434,14.68,1038012, 
14:51:50.460,135,434,15.16,1038515, 
14:51:50.928,135,435,15.21,1039017, 
14:51:51.444,135,434,15.28,1039519, 
14:51:51.958,135,434,14.84,1040021, 
14:51:52.425,135,434,15.33,1040523, 
14:51:52.939,135,435,15.39,1041025, 
14:51:53.456,135,434,15.39,1041527, 
14:51:53.925,135,434,15.44,1042029, 
14:51:54.443,135,435,15.94,1042531, 
14:51:54.908,135,434,15.49,1043033, 
14:51:55.426,135,434,15.49,1043535, 
14:51:55.941,135,434,15.54,1044037, 
14:51:56.414,135,434,15.54,1044539, 
14:51:56.929,135,434,15.61,1045041, 
14:51:57.399,135,434,15.64,1045543, 
14:51:57.912,135,434,15.23,1046045, 
14:51:58.428,135,435,15.71,1046547, 
14:51:58.898,135,435,15.97,1047049, 
14:51:59.414,135,434,15.32,1047552, 
14:51:59.931,135,433,15.82,1048054, 
14:52:00.398,135,434,15.87,1048556, 
14:52:00.916,135,434,15.87,1049058, 
14:52:01.428,135,434,15.92,1049560, 
14:52:01.896,135,434,15.92,1050062, 
14:52:02.409,135,434,15.97,1050564, 
14:52:02.927,135,435,15.97,1051066, 
14:52:03.395,135,434,16.02,1051568, 
14:52:03.912,135,435,15.61,1052070, 
14:52:04.381,135,435,15.66,1052572, 
14:52:04.892,135,435,15.66,1053074, 
14:52:05.411,135,434,15.71,1053576, 
14:52:05.882,135,435,15.69,1054078, 
14:52:06.396,135,434,15.76,1054580, 
14:52:06.911,135,434,15.82,1055082, 
14:52:07.381,135,434,16.30,1055584, 
14:52:07.894,135,434,16.30,1056087, 
14:52:08.409,135,434,16.35,1056589, 
14:52:08.879,135,434,16.35,1057091, 
14:52:09.400,135,434,15.92,1057593, 
14:52:09.866,135,435,15.99,1058095, 
14:52:10.381,135,434,16.47,1058597, 
14:52:10.900,135,434,16.02,1059099, 
14:52:11.369,135,434,16.07,1059601, 
14:52:11.884,135,434,16.09,1060103, 
14:52:12.399,135,434,15.66,1060605, 
14:52:12.868,135,434,15.71,1061107, 
14:52:13.389,135,434,15.76,1061609, 
14:52:13.855,135,435,16.47,1062111, 
14:52:14.373,135,434,15.82,1062614, 
14:52:14.886,135,434,16.30,1063116, 
14:52:15.389,135,434,16.79,1063618, 
14:52:15.860,135,434,16.35,1064120, 
14:52:16.371,135,434,16.85,1064622, 
14:52:16.886,135,434,16.42,1065124, 
14:52:17.353,135,434,16.06,1065626, 
14:52:17.873,135,434,16.47,1066129, 
14:52:18.388,135,434,16.04,1066631, 
14:52:18.889,135,434,16.09,1067133, 
14:52:19.358,135,435,15.66,1067635, 
14:52:19.877,135,434,16.14,1068137, 
14:52:20.343,135,434,16.19,1068639, 
14:52:20.860,135,435,16.67,1069142, 
14:52:21.375,135,435,16.24,1069644, 
14:52:21.835,135,434,16.74,1070146, 
14:52:22.350,135,435,17.22,1070648, 
14:52:22.870,135,435,16.79,1071150, 
14:52:23.343,135,435,16.79,1071652, 
14:52:23.860,135,434,16.85,1072154, 
14:52:24.374,135,434,16.85,1072656, 
14:52:24.845,135,434,17.33,1073158, 
14:52:25.361,135,435,16.90,1073660, 
14:52:25.832,135,434,16.95,1074162, 
14:52:26.351,135,434,16.95,1074664, 
14:52:26.823,135,435,17.00,1075166, 
14:52:27.343,135,434,16.57,1075668, 
14:52:27.860,135,434,17.05,1076170, 
14:52:28.331,135,435,17.12,1076672, 
14:52:28.847,135,434,17.10,1077174, 
14:52:29.316,135,434,17.60,1077676, 
14:52:29.833,135,434,17.65,1078178, 
14:52:30.351,135,434,17.65,1078680, 
14:52:30.821,135,434,17.22,1079182, 
14:52:31.338,135,434,17.71,1079684, 
14:52:31.854,135,435,17.71,1080186, 
14:52:32.327,135,434,17.28,1080688, 
14:52:32.841,135,434,17.76,1081190, 
14:52:33.311,135,434,17.83,1081692, 
14:52:33.829,135,434,17.81,1082194, 
14:52:34.347,135,435,17.38,1082696, 
14:52:34.818,135,435,17.88,1083198, 
14:52:35.334,135,434,17.93,1083700, 
14:52:35.801,135,434,17.00,1084203, 
14:52:36.314,135,435,17.98,1084705, 
14:52:36.832,135,434,17.55,1085207, 
14:52:37.301,135,434,18.03,1085709, 
14:52:37.814,135,434,18.03,1086211, 
14:52:38.329,135,434,17.60,1086713, 
14:52:38.800,135,435,18.08,1087215, 
14:52:39.314,135,435,18.13,1087717, 
14:52:39.829,135,434,18.13,1088219, 
14:52:40.299,135,434,18.62,1088721, 
14:52:40.817,135,434,18.63,1089223, 
14:52:41.288,135,434,18.19,1089725, 
14:52:41.805,135,434,17.76,1090227, 
14:52:42.319,135,434,18.25,1090729, 
14:52:42.787,135,434,17.83,1091231, 
14:52:43.302,135,434,18.31,1091733, 
14:52:43.813,135,434,17.88,1092235, 
14:52:44.279,135,434,18.36,1092737, 
14:52:44.799,135,434,18.36,1093239, 
14:52:45.316,135,434,18.41,1093741, 
14:52:45.783,135,434,17.98,1094243, 
14:52:46.298,135,434,18.46,1094745, 
14:52:46.811,135,435,18.03,1095247, 
14:52:47.278,135,435,18.51,1095749, 
14:52:47.798,135,435,18.51,1096251, 
14:52:48.268,135,435,18.56,1096753, 
14:52:48.784,135,434,18.56,1097255, 
14:52:49.299,135,434,19.05,1097757, 
14:52:49.766,135,434,18.62,1098259, 
14:52:50.281,135,434,18.62,1098761, 
14:52:50.798,135,435,19.11,1099264, 
14:52:51.264,135,434,18.68,1099766, 
14:52:51.766,135,435,18.24,1100268, 
14:52:52.280,135,434,18.74,1100770, 
14:52:52.794,135,434,18.29,1101272, 
14:52:53.261,135,434,18.79,1101774, 
14:52:53.776,135,434,18.36,1102276, 
14:52:54.277,135,434,18.84,1102778, 
14:52:54.744,135,434,18.84,1103280, 
14:52:55.260,135,435,18.89,1103782, 
14:52:55.775,135,434,18.41,1104284, 
14:52:56.248,135,434,18.46,1104786, 
14:52:56.764,135,434,18.94,1105288, 
14:52:57.283,135,435,18.51,1105790, 
14:52:57.752,135,434,18.51,1106292, 
14:52:58.268,135,434,18.99,1106794, 
14:52:58.737,135,435,19.06,1107296, 
14:52:59.254,135,434,19.06,1107799, 
14:52:59.772,135,434,19.11,1108301, 
14:53:00.240,135,434,19.11,1108803, 
14:53:00.755,135,434,18.68,1109305, 
14:53:01.270,135,434,18.68,1109807, 
14:53:01.741,135,434,19.17,1110309, 
14:53:02.256,135,435,19.22,1110811, 
14:53:02.724,135,434,19.22,1111313, 
14:53:03.240,135,434,18.79,1111815, 
14:53:03.756,135,434,18.36,1112317, 
14:53:04.222,135,434,18.84,1112819, 
14:53:04.734,135,435,19.34,1113321, 
14:53:05.249,135,435,18.89,1113823, 
14:53:05.717,135,434,19.37,1114326, 
14:53:06.235,135,435,18.89,1114828, 
14:53:06.751,135,435,19.44,1115330, 
14:53:07.257,135,434,19.44,1115832, 
14:53:07.723,135,434,18.99,1116334, 
14:53:08.241,135,434,19.49,1116836, 
14:53:08.709,135,434,19.49,1117338, 
14:53:09.230,135,434,19.54,1117840, 
14:53:09.750,135,434,19.06,1118342, 
14:53:10.222,135,435,19.11,1118844, 
14:53:10.737,135,435,19.60,1119346, 
14:53:11.206,135,435,19.65,1119848, 
14:53:11.725,135,434,19.65,1120350, 
14:53:12.242,135,434,19.22,1120852, 
14:53:12.709,135,434,19.72,1121354, 
14:53:13.223,135,434,19.27,1121856, 
14:53:13.740,135,435,19.77,1122358, 
14:53:14.210,135,434,18.84,1122860, 
14:53:14.730,135,435,19.82,1123362, 
14:53:15.202,135,434,19.32,1123864, 
14:53:15.718,135,434,19.87,1124366, 
14:53:16.190,135,435,19.87,1124868, 
14:53:16.706,135,434,19.44,1125370, 
14:53:17.222,135,434,19.92,1125872, 
14:53:17.691,135,435,19.49,1126374, 
14:53:18.209,135,434,19.97,1126876, 
14:53:18.681,135,434,19.97,1127378, 
14:53:19.195,135,434,20.02,1127880, 
14:53:19.714,135,435,19.60,1128382, 
14:53:20.182,135,434,19.60,1128884, 
14:53:20.698,135,434,20.09,1129387, 
14:53:21.217,135,435,19.66,1129889, 
14:53:21.684,135,435,20.13,1130391, 
14:53:22.201,135,434,19.70,1130893, 
14:53:22.671,135,434,20.20,1131395, 
14:53:23.189,135,434,19.29,1131897, 
14:53:23.707,135,435,20.25,1132399, 
14:53:24.175,135,434,19.75,1132901, 
14:53:24.691,135,434,19.80,1133403, 
14:53:25.203,135,434,20.30,1133905, 
14:53:25.673,135,432,19.87,1134407, 
14:53:26.194,135,434,19.87,1134909, 
14:53:26.664,135,434,20.35,1135411, 
14:53:27.178,135,435,19.92,1135913, 
14:53:27.691,135,435,20.40,1136415, 
14:53:28.160,135,434,19.92,1136917, 
14:53:28.666,135,434,19.97,1137419, 
14:53:29.181,135,434,20.68,1137921, 
14:53:29.695,135,435,20.02,1138423, 
14:53:30.163,135,434,20.51,1138925, 
14:53:30.679,135,435,20.08,1139427, 
14:53:31.150,135,434,20.09,1139929, 
14:53:31.667,135,435,20.57,1140431, 
14:53:32.184,135,434,20.13,1140933, 
14:53:32.655,135,434,20.63,1141435, 
14:53:33.170,135,434,19.70,1141937, 
14:53:33.640,135,435,20.68,1142439, 
14:53:34.161,135,434,19.97,1142941, 
14:53:34.677,135,434,20.25,1143443, 
14:53:35.147,135,434,20.73,1143945, 
14:53:35.667,135,434,19.82,1144448, 
14:53:36.134,135,434,20.78,1144950, 
14:53:36.653,135,434,20.78,1145452, 
14:53:37.170,135,434,19.87,1145954, 
14:53:37.639,135,434,20.83,1146456, 
14:53:38.153,135,435,20.85,1146958, 
14:53:38.668,135,434,20.40,1147460, 
14:53:39.137,135,434,21.11,1147962, 
14:53:39.652,135,434,19.97,1148464, 
14:53:40.122,135,435,20.47,1148966, 
14:53:40.636,135,434,20.95,1149468, 
14:53:41.150,135,434,20.51,1149970, 
14:53:41.620,135,434,20.52,1150472, 
14:53:42.139,135,435,21.00,1150974, 
14:53:42.612,135,435,20.57,1151476, 
14:53:43.126,135,434,21.06,1151978, 
14:53:43.644,135,434,20.15,1152480, 
14:53:44.117,135,435,20.73,1152983, 
14:53:44.631,135,435,20.13,1153485, 
14:53:45.146,135,434,20.68,1153987, 
14:53:45.620,135,434,20.68,1154489, 
14:53:46.139,135,434,20.25,1154991, 
14:53:46.614,135,435,20.73,1155493, 
14:53:47.135,135,434,19.82,1155995, 
14:53:47.609,135,435,20.78,1156497, 
14:53:48.131,135,434,20.30,1156999, 
14:53:48.602,135,434,20.78,1157501, 
14:53:49.115,135,434,20.35,1158003, 
14:53:49.630,135,434,20.83,1158505, 
14:53:50.097,135,434,20.85,1159007, 
14:53:50.613,135,434,20.40,1159510, 
14:53:51.131,135,435,20.88,1160012, 
14:53:51.603,135,434,20.88,1160514, 
14:53:52.118,135,434,20.95,1161016, 
14:53:52.595,135,434,20.95,1161518, 
14:53:53.112,135,434,20.52,1162020, 
14:53:53.583,135,434,20.88,1162522, 
14:53:54.100,135,434,20.25,1163024, 
14:53:54.621,135,434,20.94,1163526, 
14:53:55.088,135,434,20.25,1164028, 
14:53:55.606,135,434,20.45,1164530, 
14:53:56.121,135,434,20.25,1165032, 
14:53:56.588,135,434,19.54,1165534, 
14:53:57.103,135,434,18.84,1166036, 
14:53:57.617,135,435,19.54,1166538, 
14:53:58.085,135,434,18.84,1167040, 
14:53:58.602,135,434,18.56,1167542, 
14:53:59.075,135,434,18.29,1168044, 
14:53:59.588,135,435,18.56,1168546, 
14:54:00.105,135,434,18.36,1169048, 
14:54:00.605,135,434,18.19,1169550, 
14:54:01.074,135,434,17.60,1170052, 
14:54:01.588,135,434,17.43,1170554, 
14:54:02.104,135,434,17.28,1171056, 
14:54:02.574,135,435,17.16,1171558, 
14:54:03.095,135,434,17.00,1172060, 
14:54:03.568,135,434,16.85,1172562, 
14:54:04.088,135,434,16.24,1173064, 
14:54:04.555,135,435,16.09,1173566, 
14:54:05.074,135,434,16.85,1174068, 
14:54:05.592,135,434,16.74,1174571, 
14:54:06.062,135,434,15.66,1175073, 
14:54:06.579,135,434,16.40,1175575, 
14:54:07.048,135,434,16.30,1176077, 
14:54:07.561,135,434,15.21,1176579, 
14:54:08.080,135,434,15.99,1177081, 
14:54:08.548,135,434,15.39,1177583, 
14:54:09.065,135,434,15.21,1178085, 
14:54:09.580,135,434,15.54,1178587, 
14:54:10.050,135,435,15.44,1179089, 
14:54:10.567,135,434,14.78,1179591, 
14:54:11.040,135,435,15.11,1180094, 
14:54:11.556,135,434,14.53,1180596, 
14:54:12.070,135,435,14.41,1181100, 
14:54:12.542,135,434,14.68,1181603, 
14:54:13.057,135,434,14.73,1182106, 
14:54:13.571,135,435,14.06,1182609, 
14:54:14.075,135,435,14.25,1183112, 
14:54:14.545,135,434,14.58,1183616, 
14:54:15.064,135,434,13.63,1184119, 
14:54:15.534,135,435,13.91,1184622, 
14:54:16.049,135,435,14.17,1185125, 
14:54:16.563,135,434,13.19,1185628, 
14:54:17.033,135,434,13.03,1186131, 
14:54:17.548,135,434,13.36,1186634, 
14:54:18.065,135,435,12.76,1187137, 
14:54:18.530,135,434,12.17,1187640, 
14:54:19.046,135,434,12.93,1188143, 
14:54:19.563,135,434,12.81,1188646, 
14:54:20.035,135,435,12.22,1189149, 
14:54:20.553,135,434,12.50,1189652, 
14:54:21.071,135,434,12.38,1190155, 
14:54:21.541,135,435,11.36,1190658, 
14:54:22.058,135,434,11.64,1191161, 
14:54:22.572,135,434,11.95,1191664, 
14:54:23.043,135,434,11.14,1192167, 
14:54:23.562,135,434,11.19,1192670, 
14:54:24.032,135,434,11.52,1193174, 
14:54:24.547,135,434,10.49,1193678, 
14:54:25.064,135,435,10.33,1194180, 
14:54:25.531,135,434,10.66,1194683, 
14:54:26.038,135,434,10.76,1195186, 
14:54:26.558,135,434,10.39,1195689, 
14:54:27.069,135,435,10.23,1196193, 
14:54:27.538,135,435,10.11,1196696, 
14:54:28.053,135,434,10.01,1197199, 
14:54:28.525,135,434,10.28,1197702, 
14:54:29.040,135,434,10.16,1198205, 
14:54:29.556,135,434,9.80,1198708, 
14:54:30.070,135,435,9.42,1199211, 
14:54:30.539,135,435,9.30,1199714, 
14:54:31.057,135,434,9.20,1200217, 
14:54:31.570,135,434,9.03,1200720, 
14:54:32.041,135,434,9.35,1201223, 
14:54:32.560,135,435,9.25,1201726, 
14:54:33.028,135,434,8.87,1202229, 
14:54:33.542,135,435,8.50,1202732, 
14:54:34.048,135,435,8.39,1203235, 
14:54:34.562,135,434,8.27,1203738, 
14:54:35.037,135,434,8.12,1204241, 
14:54:35.555,135,434,8.44,1204744, 
14:54:36.026,135,434,7.43,1205249, 
14:54:36.542,135,434,7.26,1205752, 
14:54:37.058,135,434,7.57,1206255, 
14:54:37.528,135,434,7.46,1206758, 
14:54:38.045,135,434,6.88,1207261, 
14:54:38.547,135,434,7.21,1207764, 
14:54:39.061,135,435,7.52,1208267, 
14:54:39.529,135,434,7.16,1208770, 
14:54:40.048,135,434,6.83,1209273, 
14:54:40.519,135,434,6.66,1209776, 
14:54:41.036,135,435,6.55,1210279, 
14:54:41.551,135,434,6.45,1210782, 
14:54:42.021,135,434,6.28,1211285, 
14:54:42.535,135,435,6.61,1211788, 
14:54:43.053,135,434,6.71,1212291, 
14:54:43.521,135,435,5.90,1212794, 
14:54:44.022,135,434,6.23,1213297, 
14:54:44.539,135,434,6.12,1213800, 
14:54:45.054,135,434,6.00,1214303, 
14:54:45.521,135,435,5.87,1214807, 
14:54:46.039,135,434,5.75,1215310, 
14:54:46.515,135,435,5.63,1215813, 
14:54:47.031,135,434,5.52,1216316, 
14:54:47.547,135,435,4.92,1216819, 
14:54:48.015,135,435,5.32,1217323, 
14:54:48.534,135,435,4.72,1217826, 
14:54:49.051,135,434,5.27,1218329, 
14:54:49.521,135,434,4.72,1218832, 
14:54:50.034,135,435,4.87,1219335, 
14:54:50.552,135,434,4.77,1219838, 
14:54:51.021,135,435,4.23,1220341, 
14:54:51.534,135,434,4.18,1220844, 
14:54:52.051,135,434,4.51,1221347, 
14:54:52.522,135,435,4.66,1221850, 
14:54:53.041,135,434,4.39,1222353, 
14:54:53.512,135,434,4.39,1222856, 
14:54:54.028,135,434,4.34,1223359, 
14:54:54.546,135,434,4.34,1223862, 
14:54:55.015,135,434,4.29,1224365, 
14:54:55.531,135,434,4.29,1224868, 
14:54:56.045,135,435,3.80,1225371, 
14:54:56.515,135,435,4.23,1225874, 
14:54:57.029,135,434,4.23,1226377, 
14:54:57.546,135,434,4.23,1226881, 
14:54:58.018,135,434,3.74,1227384, 
14:54:58.533,135,434,3.75,1227887, 
14:54:59.046,135,434,4.18,1228390, 
14:54:59.513,135,434,4.39,1228893, 
14:55:00.028,135,434,4.17,1229396, 
14:55:00.546,135,434,4.18,1229899, 
14:55:01.015,135,434,4.18,1230402, 
14:55:01.530,135,434,3.74,1230905, 
14:55:02.048,135,435,3.75,1231408, 
14:55:02.551,135,435,3.91,1231911, 
14:55:03.016,135,435,3.68,1232414, 
14:55:03.537,135,434,3.68,1232917, 
14:55:04.006,135,434,3.68,1233420, 
14:55:04.523,135,435,3.68,1233923, 
14:55:05.038,135,434,4.11,1234426, 
14:55:05.511,135,435,4.13,1234929, 
14:55:06.030,135,434,4.35,1235432, 
14:55:06.546,135,434,4.13,1235935, 
14:55:07.017,135,434,4.13,1236439, 
14:55:07.534,135,434,4.13,1236942, 
14:55:08.006,135,434,4.13,1237445, 
14:55:08.520,135,434,4.11,1237948, 
14:55:09.039,135,434,4.11,1238451, 
14:55:09.505,135,434,4.34,1238955, 
14:55:10.019,135,434,4.13,1239458, 
14:55:10.534,135,434,4.11,1239961, 
14:55:11.046,135,434,4.11,1240464, 
14:55:11.515,135,434,4.11,1240967, 
14:55:12.016,135,434,4.11,1241470, 
14:55:12.534,135,434,3.68,1241973, 
14:55:13.002,135,434,3.63,1242476, 
14:55:13.517,135,434,3.68,1242979, 
14:55:14.038,135,434,3.63,1243482, 
14:55:14.505,135,435,3.63,1243985, 
14:55:15.018,135,434,3.63,1244488, 
14:55:15.535,135,434,3.63,1244991, 
14:55:16.002,135,434,3.63,1245494, 
14:55:16.516,135,434,3.63,1245997, 
14:55:17.033,135,434,3.63,1246500, 
14:55:17.504,135,435,3.63,1247003, 
14:55:18.016,135,435,3.63,1247506, 
14:55:18.534,135,434,3.63,1248009, 
14:55:19.008,135,434,3.63,1248513, 
14:55:19.525,135,435,3.63,1249016, 
14:55:20.038,135,435,3.63,1249519, 
14:55:20.508,135,434,3.63,1250022, 
14:55:21.025,135,434,3.63,1250525, 
14:55:21.542,135,434,3.63,1251028, 
14:55:22.012,135,434,3.63,1251531, 
14:55:22.530,135,434,4.29,1252034, 
14:55:22.999,135,434,3.63,1252537, 
14:55:23.513,135,434,3.63,1253040, 
14:55:24.027,135,434,4.06,1253543, 
14:55:24.528,135,434,4.06,1254046, 
14:55:24.998,135,434,4.06,1254549, 
14:55:25.514,135,434,4.08,1255052, 
14:55:26.033,135,434,4.29,1255555, 
14:55:26.501,135,434,4.06,1256058, 
14:55:27.003,135,434,4.08,1256561, 
14:55:27.517,135,435,4.06,1257064, 
14:55:28.033,135,434,4.06,1257567, 
14:55:28.502,135,434,4.08,1258071, 
14:55:29.020,135,434,4.29,1258574, 
14:55:29.538,135,434,4.29,1259077, 
14:55:30.007,135,434,4.08,1259580, 
14:55:30.522,135,434,4.08,1260083, 
14:55:31.036,135,434,4.06,1260587, 
14:55:31.507,135,435,4.08,1261090, 
14:55:32.025,135,434,4.06,1261593, 
14:55:32.494,135,435,4.06,1262096, 
14:55:33.011,135,434,4.08,1262599, 
14:55:33.524,135,434,4.06,1263102, 
14:55:33.993,135,434,4.06,1263605, 
14:55:34.507,135,434,4.06,1264108, 
14:55:35.024,135,435,4.06,1264611, 
14:55:35.489,135,435,4.06,1265114, 
